node_A,node_B,sign
0,1,1
0,2,1
0,3,1
0,4,1
0,5,1
0,6,1
0,7,1
0,8,1
0,12,1
0,23,1
0,24,1
0,32,-1
0,34,1
0,40,1
0,49,-1
0,56,1
0,67,1
0,72,1
0,74,1
0,85,1
0,98,1
0,103,1
0,106,1
0,108,1
0,125,1
0,131,1
0,135,1
0,170,1
0,219,1
0,240,1
0,252,1
0,255,1
0,257,1
0,292,1
0,346,1
0,450,-1
0,457,1
0,526,1
0,528,1
0,704,-1
0,745,1
0,826,1
0,849,1
0,877,1
0,948,1
1,2,1
1,3,1
1,4,1
1,5,1
1,12,1
1,13,1
1,14,1
1,15,1
1,18,1
1,22,-1
1,23,1
1,27,1
1,29,1
1,35,1
1,39,1
1,44,1
1,46,1
1,63,-1
1,64,1
1,68,1
1,74,-1
1,76,1
1,78,1
1,83,1
1,88,1
1,89,1
1,101,1
1,104,1
1,107,1
1,126,1
1,137,1
1,145,1
1,149,1
1,151,1
1,162,1
1,163,1
1,170,1
1,175,1
1,178,1
1,179,1
1,181,1
1,183,1
1,203,1
1,212,-1
1,215,1
1,217,1
1,253,1
1,258,1
1,262,1
1,271,1
1,283,1
1,294,1
1,329,1
1,342,1
1,343,-1
1,360,1
1,361,1
1,387,1
1,400,1
1,414,1
1,422,1
1,432,1
1,481,1
1,483,1
1,494,1
1,524,-1
1,540,-1
1,541,1
1,579,1
1,592,1
1,611,1
1,657,1
1,702,1
1,710,1
1,712,1
1,725,-1
1,780,1
1,783,1
1,790,1
1,830,1
1,841,1
1,863,1
1,939,1
1,964,1
1,989,1
2,21,1
2,44,1
2,47,1
2,57,1
2,79,-1
2,96,1
2,134,1
2,138,-1
2,231,1
2,264,1
2,310,1
2,353,1
2,375,1
2,384,1
2,435,1
2,475,1
2,479,1
2,499,-1
2,536,1
2,604,1
2,674,1
2,781,1
2,829,1
2,839,1
2,848,-1
2,987,1
3,9,-1
3,18,-1
3,19,1
3,39,1
3,40,1
3,42,1
3,51,1
3,61,1
3,124,1
3,155,1
3,160,1
3,165,1
3,191,1
3,272,1
3,298,1
3,369,1
3,404,1
3,418,1
3,560,1
3,594,1
3,617,1
3,652,1
3,664,1
3,756,1
3,840,1
3,855,1
3,865,1
3,873,1
3,890,1
3,974,1
3,986,1
4,6,1
4,10,1
4,11,1
4,33,1
4,36,1
4,47,1
4,48,1
4,59,1
4,64,-1
4,70,1
4,105,1
4,133,1
4,164,1
4,235,-1
4,260,1
4,277,1
4,288,1
4,314,1
4,328,1
4,474,1
4,540,1
4,543,1
4,561,1
4,657,1
4,658,1
4,663,1
4,670,1
4,680,1
4,707,1
4,719,1
4,763,1
4,822,1
4,919,1
4,937,1
5,9,1
5,20,1
5,22,1
5,24,-1
5,32,1
5,85,1
5,103,1
5,200,1
5,232,1
5,256,1
5,301,1
5,348,1
5,453,1
5,641,1
5,806,1
6,7,1
6,8,1
6,11,1
6,13,1
6,62,1
6,69,1
6,72,1
6,73,1
6,89,1
6,91,1
6,116,1
6,122,1
6,131,1
6,147,1
6,158,1
6,175,1
6,182,1
6,192,1
6,208,-1
6,216,1
6,220,1
6,244,1
6,246,1
6,291,1
6,386,1
6,493,1
6,507,1
6,515,-1
6,531,1
6,538,1
6,556,1
6,599,1
6,607,1
6,649,1
6,664,1
6,671,1
6,678,-1
6,691,1
6,692,-1
6,695,1
6,750,1
6,759,1
6,872,-1
6,922,1
6,941,1
6,954,1
7,10,1
7,16,1
7,21,1
7,25,1
7,76,1
7,113,1
7,147,1
7,217,1
7,303,1
7,307,1
7,321,1
7,327,1
7,337,1
7,394,1
7,397,1
7,460,1
7,531,1
7,553,1
7,584,1
7,612,1
7,620,-1
7,625,-1
7,632,1
7,689,1
7,691,1
7,700,1
7,764,-1
7,964,1
7,982,1
8,15,1
8,46,1
8,52,1
8,156,1
8,169,1
8,202,1
8,286,1
8,340,1
8,351,1
8,407,1
8,477,1
8,642,1
8,647,1
8,733,1
8,857,1
8,877,1
8,990,-1
9,98,1
9,258,1
9,374,1
9,569,1
9,747,1
10,114,1
10,115,1
10,128,1
10,158,1
10,166,1
10,171,1
10,222,1
10,330,1
10,422,1
10,435,1
10,588,1
10,610,1
10,653,1
10,778,1
10,804,1
10,853,1
10,868,1
10,923,1
11,17,1
11,31,1
11,53,-1
11,65,1
11,81,-1
11,90,1
11,94,1
11,95,1
11,154,1
11,250,1
11,304,1
11,315,1
11,331,1
11,394,1
11,447,1
11,666,1
11,745,1
11,806,-1
11,845,1
11,846,1
11,876,1
11,907,1
11,954,1
11,996,1
12,14,1
12,17,1
12,26,1
12,27,1
12,30,1
12,37,1
12,43,1
12,45,-1
12,53,-1
12,60,1
12,94,1
12,115,1
12,144,1
12,154,1
12,159,1
12,326,1
12,410,1
12,424,1
12,433,1
12,476,1
12,498,1
12,545,1
12,668,1
12,698,1
12,860,-1
12,885,-1
12,887,1
12,934,-1
13,30,1
13,51,1
13,93,1
13,157,1
13,218,1
13,223,-1
13,241,1
13,254,1
13,268,1
13,276,1
13,303,1
13,398,1
13,471,1
13,585,1
13,601,1
13,605,1
13,639,1
13,641,1
13,655,1
13,771,1
13,793,1
14,26,1
14,63,-1
14,135,-1
14,291,1
14,363,1
15,16,1
15,19,1
15,43,1
15,49,1
15,87,-1
15,120,-1
15,127,1
15,152,1
15,171,1
15,176,1
15,185,1
15,195,1
15,219,-1
15,240,1
15,361,-1
15,455,1
15,552,1
15,644,1
15,714,1
15,785,1
15,832,1
15,892,1
16,20,1
16,95,1
16,199,1
16,326,-1
16,741,1
16,864,1
17,38,1
17,54,1
17,96,-1
17,139,1
17,140,1
17,256,1
17,675,-1
17,917,1
18,487,1
18,522,1
18,590,1
18,889,1
18,955,1
19,31,1
19,55,1
19,84,1
19,186,-1
19,199,-1
19,327,1
19,341,1
19,405,1
19,421,1
19,439,1
19,461,1
19,464,1
19,559,1
19,589,1
19,635,1
19,696,1
19,884,1
19,960,1
19,998,1
20,56,1
20,460,1
20,944,1
21,28,1
21,35,1
21,37,1
21,42,-1
21,58,1
21,60,-1
21,69,1
21,99,1
21,107,-1
21,117,1
21,118,1
21,123,1
21,224,1
21,231,1
21,332,1
21,446,1
21,668,1
21,696,1
21,734,1
21,808,1
21,904,1
21,963,1
22,121,1
22,136,1
22,146,1
22,351,1
22,352,1
22,709,1
23,25,1
23,33,1
23,75,1
23,100,1
23,109,-1
23,230,1
23,242,1
23,243,1
23,477,1
23,591,1
23,600,1
23,742,1
23,753,1
24,29,1
24,45,1
24,66,1
24,122,1
24,493,1
24,506,-1
24,595,1
24,750,1
24,795,1
24,871,1
25,28,1
25,209,1
25,308,1
25,679,-1
25,735,-1
25,861,1
25,936,1
26,139,1
26,737,1
27,36,1
27,58,1
27,163,1
27,473,1
27,770,1
27,905,1
28,54,1
28,62,1
28,70,1
28,92,1
28,101,1
28,111,1
28,126,1
28,142,-1
28,153,1
28,317,1
28,319,1
28,396,1
28,488,1
28,495,1
28,539,1
28,566,-1
28,711,1
28,794,1
28,833,1
28,838,1
28,856,1
28,884,1
29,108,1
29,196,1
29,281,1
29,380,-1
29,985,1
30,34,1
30,41,1
30,79,1
30,187,1
30,339,1
30,517,1
30,586,1
30,726,1
30,761,1
30,853,1
31,61,1
31,91,1
31,204,1
31,308,1
31,439,1
31,617,1
31,634,1
31,754,1
31,815,1
31,916,1
32,66,-1
32,188,1
32,348,1
32,495,1
32,862,1
33,309,1
33,534,1
33,661,1
33,714,1
33,915,1
33,991,1
34,41,1
34,90,1
34,178,1
34,237,1
34,269,1
34,408,1
34,465,1
34,695,1
34,962,1
35,117,1
35,297,1
35,473,1
35,729,1
35,758,1
35,836,-1
37,38,1
37,161,1
37,172,-1
37,198,1
37,284,1
37,313,1
37,461,1
37,490,1
37,512,1
37,629,1
37,971,1
38,97,1
38,300,1
38,754,1
38,988,1
39,156,-1
39,274,1
39,465,1
39,992,1
40,48,1
40,129,1
40,300,1
40,711,1
41,73,1
41,110,1
41,186,1
41,442,1
41,823,1
41,846,1
42,50,1
42,125,1
42,409,1
42,568,1
42,639,1
42,718,1
42,847,1
42,931,1
43,722,1
43,728,1
43,787,1
45,93,1
45,99,1
45,132,1
45,143,1
45,213,1
45,329,1
45,397,1
45,404,1
45,615,1
45,898,1
46,50,1
46,67,1
46,81,1
46,157,1
46,247,1
46,250,1
46,321,-1
46,389,1
46,425,1
46,444,1
46,458,1
47,59,1
47,114,1
47,155,1
47,166,1
47,183,1
47,207,1
47,214,-1
47,246,1
47,364,1
47,412,-1
47,426,1
47,440,1
47,685,1
47,693,1
47,728,1
48,106,1
48,113,1
48,356,1
48,411,1
48,529,-1
48,581,1
48,622,1
48,688,1
48,813,1
49,78,1
49,230,1
49,470,1
49,496,1
49,554,1
49,636,-1
49,974,-1
50,52,1
50,65,1
50,124,1
51,55,1
51,71,1
51,138,1
51,187,-1
51,194,1
51,200,1
51,290,1
51,433,1
51,466,1
51,489,1
51,873,1
51,882,1
51,924,1
51,985,1
52,57,1
52,75,1
52,80,1
52,105,1
52,164,-1
52,174,1
52,205,1
52,238,1
52,248,1
52,270,1
52,323,1
52,330,1
52,343,1
52,371,-1
52,441,-1
52,468,1
52,469,1
52,498,1
52,499,1
52,619,-1
52,703,1
52,744,1
52,782,-1
52,837,1
52,852,1
52,923,1
52,951,1
52,959,1
52,973,1
53,152,1
53,336,1
53,452,-1
53,608,1
53,874,1
54,82,1
54,161,1
54,284,1
54,322,1
54,373,1
54,395,1
54,425,1
54,557,1
54,693,1
54,706,1
54,791,-1
54,938,1
55,137,1
55,251,1
55,567,1
55,698,1
56,77,1
56,84,1
56,116,1
56,130,1
56,146,1
56,176,1
56,188,1
56,234,1
56,296,1
56,497,1
56,502,1
56,670,1
56,721,-1
57,141,1
57,190,1
57,226,1
57,266,1
57,269,1
57,317,1
57,377,1
57,437,1
57,563,1
57,744,1
57,755,1
57,762,1
57,994,1
58,71,1
58,102,1
58,111,1
58,123,1
58,192,1
58,196,-1
58,201,1
58,207,1
58,259,1
58,445,1
58,608,1
58,763,1
58,807,1
58,811,1
58,816,1
59,68,1
59,132,1
59,613,1
59,819,1
60,201,1
60,216,1
60,325,1
60,407,1
60,510,1
60,519,1
60,553,1
60,786,1
61,77,1
61,82,1
61,112,1
61,168,1
61,600,1
61,798,1
61,865,1
61,959,1
62,83,1
63,86,1
63,263,-1
63,316,1
63,349,1
63,352,1
63,378,1
63,487,1
63,652,-1
63,780,1
63,792,1
65,409,1
66,637,1
66,651,1
66,844,1
67,173,1
67,260,-1
67,309,1
67,312,1
67,564,1
67,587,1
67,826,1
67,938,1
68,121,1
69,102,1
69,119,1
69,120,1
69,136,1
69,232,-1
69,333,1
69,443,-1
69,547,-1
69,642,1
69,682,1
69,759,1
69,778,1
69,796,1
70,109,1
70,238,1
70,287,1
70,311,1
70,595,1
70,648,1
70,665,1
70,749,-1
71,150,1
71,206,1
71,289,1
71,370,1
71,420,-1
71,514,1
71,618,1
71,977,1
72,148,1
72,174,-1
72,225,1
72,341,1
72,346,1
72,417,1
73,127,1
73,169,1
73,189,1
73,223,1
73,313,1
73,727,1
73,737,1
74,173,-1
74,249,1
74,334,1
74,819,1
75,556,1
76,80,1
76,104,1
76,142,1
76,144,1
76,221,1
76,266,1
76,293,1
76,485,1
76,677,1
76,808,1
76,822,1
77,554,1
77,718,1
77,883,1
77,905,1
77,929,1
78,133,1
78,393,-1
78,630,1
78,681,1
78,801,1
79,130,-1
79,172,1
79,359,1
79,380,1
79,480,1
79,533,-1
79,843,1
80,86,1
80,92,1
80,97,1
80,184,1
80,253,1
80,265,1
80,301,-1
80,382,1
80,449,1
80,468,1
80,519,1
80,631,1
80,700,1
80,789,1
80,818,1
80,906,1
80,915,1
81,100,1
81,226,-1
81,239,-1
81,311,1
81,315,1
81,391,1
81,878,1
82,227,1
83,87,1
83,88,-1
83,153,1
83,177,1
83,212,-1
83,299,1
83,483,1
83,968,1
84,150,1
84,273,1
84,559,1
84,774,1
84,824,1
84,854,1
85,342,-1
85,628,1
86,119,1
86,128,1
86,208,1
86,228,1
86,316,1
86,544,1
86,557,1
86,942,1
88,134,-1
88,221,1
88,229,-1
88,830,1
89,112,1
89,168,-1
89,492,1
89,502,1
90,278,1
90,282,1
90,366,1
90,423,1
90,445,1
90,543,1
90,548,1
90,569,1
90,626,1
90,911,1
90,949,-1
90,957,1
91,143,1
91,276,1
91,285,1
91,408,1
91,533,1
91,636,1
91,764,1
92,273,1
92,336,-1
92,381,1
92,525,1
92,723,1
93,151,1
93,165,1
93,415,1
93,593,1
93,672,1
93,817,1
93,849,-1
93,921,1
94,716,1
96,118,1
96,202,1
96,264,1
96,362,1
96,379,1
96,403,1
96,575,1
96,919,-1
96,958,1
97,405,1
97,474,1
97,678,1
98,209,1
98,306,1
99,110,1
99,140,1
99,220,1
99,367,1
99,795,1
99,835,-1
100,181,1
100,705,1
100,757,1
100,832,1
101,918,1
102,386,1
102,402,1
102,591,1
103,228,1
103,479,1
103,675,1
103,882,-1
104,338,1
104,414,1
104,976,1
105,225,1
105,279,1
105,290,1
105,299,1
105,347,1
105,412,1
105,537,1
105,637,1
105,662,1
105,869,1
105,955,1
106,189,1
106,265,-1
106,550,1
106,584,-1
107,358,1
107,413,1
108,418,1
108,472,1
109,211,1
109,354,1
109,601,1
111,251,1
111,286,1
111,856,1
112,145,1
113,148,1
113,624,1
116,283,1
116,322,-1
116,646,1
116,710,1
116,901,1
117,384,1
117,456,-1
117,459,1
117,503,1
118,555,1
118,805,1
120,160,1
120,213,1
120,249,-1
120,802,1
120,879,1
121,733,1
121,779,1
122,270,1
122,659,1
122,702,1
122,993,1
123,167,1
123,203,1
123,211,1
123,274,1
123,388,1
123,512,1
123,685,1
124,307,1
124,415,1
124,582,1
124,629,1
124,677,1
124,924,1
125,236,-1
125,376,1
125,760,1
126,436,1
127,263,1
127,306,1
127,350,1
127,614,1
127,713,1
127,829,1
127,980,1
128,129,1
128,774,1
128,961,1
129,287,1
129,571,1
130,141,1
130,478,1
133,149,1
133,448,1
133,496,1
133,604,1
133,633,-1
133,958,1
134,645,1
135,267,1
135,304,1
135,515,1
135,528,1
135,967,1
135,983,1
136,184,1
136,194,1
136,204,1
136,318,1
136,446,-1
136,609,1
136,978,1
137,195,-1
137,289,1
137,624,1
138,215,1
138,245,1
138,325,1
138,368,1
138,779,1
139,401,1
139,561,1
140,766,1
140,776,1
141,417,1
141,549,-1
141,575,-1
141,886,1
143,162,1
143,268,1
143,281,1
143,374,1
143,376,-1
143,450,1
143,537,1
143,560,1
143,776,1
143,786,1
143,823,-1
143,858,1
143,910,-1
143,979,-1
145,771,-1
146,546,1
146,757,1
147,227,1
147,275,1
147,355,1
147,586,1
147,671,1
149,197,1
149,259,1
149,293,1
149,344,1
149,811,1
150,159,1
150,319,1
150,472,1
150,802,1
152,573,1
153,272,1
153,296,1
153,399,1
153,430,1
153,943,1
153,994,1
154,182,1
154,197,1
154,210,1
154,234,1
154,332,1
154,514,1
154,603,1
154,607,1
154,680,1
154,861,1
155,462,1
155,583,1
156,237,1
156,453,1
156,532,1
156,606,1
156,631,1
156,703,1
156,709,1
156,887,-1
156,969,1
157,177,1
157,210,1
157,475,1
157,529,1
157,623,1
157,762,1
158,206,1
159,252,1
160,222,1
160,581,1
161,423,1
161,902,1
162,229,1
162,233,1
162,261,1
162,302,1
162,476,1
162,505,1
162,523,1
162,965,1
163,167,1
163,180,1
163,193,1
163,214,1
163,239,1
163,257,1
163,292,1
163,369,1
163,378,1
163,424,-1
163,481,1
163,513,1
163,653,1
164,190,1
164,288,1
164,391,1
164,950,1
165,179,1
165,185,1
165,345,1
166,402,1
166,517,1
168,431,1
168,536,1
169,659,1
169,683,1
170,688,-1
171,596,1
171,625,1
172,577,1
173,198,1
173,285,1
173,305,-1
173,447,1
174,236,-1
174,359,1
174,401,1
174,570,-1
174,824,1
175,576,1
176,305,1
176,324,1
176,541,-1
176,555,1
176,661,1
176,767,1
176,803,1
176,875,1
177,370,1
178,518,1
178,651,1
178,727,1
178,752,-1
178,939,1
179,180,1
180,191,1
180,383,1
181,218,1
181,278,-1
181,497,1
182,470,1
182,717,1
182,880,1
183,943,1
184,618,1
184,760,1
184,895,1
186,333,1
186,438,1
186,644,1
186,654,-1
186,667,1
186,874,1
186,886,1
186,926,1
186,930,1
188,279,1
188,701,-1
190,193,1
190,508,1
191,690,-1
192,244,1
192,297,1
192,590,-1
192,784,1
192,842,1
193,233,1
193,254,1
193,280,1
193,328,1
193,357,1
193,542,1
193,568,1
193,603,1
193,660,1
194,267,1
195,436,1
195,768,-1
195,971,-1
196,261,1
196,318,1
196,385,1
196,419,-1
196,427,1
197,205,1
197,277,1
197,582,1
197,825,1
199,242,1
199,500,1
199,827,1
199,936,1
200,323,1
201,241,1
201,302,1
201,365,1
201,395,-1
201,562,1
201,649,1
201,697,1
201,975,1
201,990,1
203,448,1
203,467,1
203,789,1
204,428,1
204,484,1
204,953,1
206,363,1
206,379,1
206,527,1
206,583,1
206,821,1
206,961,1
207,255,1
208,676,1
208,901,1
209,848,1
210,399,1
210,597,1
210,681,1
210,814,1
210,872,1
212,406,-1
212,464,1
212,804,1
213,282,1
213,357,1
214,224,1
214,331,1
214,337,1
214,344,1
214,426,1
214,486,1
214,506,1
214,551,1
214,975,-1
215,713,1
216,334,1
216,360,1
217,235,1
217,243,1
217,294,1
217,295,1
217,349,1
217,521,1
217,672,1
217,682,1
218,245,1
218,356,1
218,377,1
218,406,1
218,416,1
218,441,1
218,562,1
218,766,1
218,851,1
218,920,1
220,324,1
220,489,1
220,673,1
220,692,1
220,747,1
221,893,1
221,996,1
222,430,1
222,520,1
222,751,1
222,761,1
222,878,1
223,247,1
223,248,1
223,428,1
223,467,1
223,592,1
223,597,1
223,891,1
223,900,1
225,486,1
225,599,1
225,726,-1
226,375,1
226,438,1
226,598,1
226,847,1
226,973,1
228,813,-1
229,271,1
229,310,1
229,390,1
229,449,1
229,508,1
229,573,1
229,765,1
229,922,1
231,469,-1
234,367,1
234,527,1
234,883,1
235,345,1
235,358,1
235,683,1
235,706,1
237,916,1
238,373,-1
238,392,1
238,411,1
238,421,1
239,347,1
239,530,-1
239,969,1
240,387,1
240,602,1
240,931,-1
241,280,1
241,981,1
242,320,1
242,494,1
242,520,1
243,262,1
243,339,1
243,616,1
243,665,1
243,756,1
246,368,1
246,731,1
246,842,1
246,995,1
246,997,1
248,312,1
248,388,1
248,480,1
248,534,1
248,578,1
248,660,1
248,724,1
249,295,1
249,504,1
250,298,1
251,314,1
251,550,1
255,338,1
255,488,1
255,491,1
255,797,1
255,979,1
257,275,1
257,434,1
259,429,1
260,320,1
260,765,1
260,812,1
261,471,1
261,526,1
261,570,1
262,390,-1
262,420,1
262,462,1
262,507,1
262,509,1
262,662,1
262,944,1
263,932,1
264,870,1
264,934,1
266,712,1
269,758,1
269,914,1
270,364,1
270,880,1
271,400,1
271,638,1
272,383,1
272,572,1
273,576,1
273,911,1
275,628,1
275,820,-1
275,963,1
276,340,-1
276,794,1
276,945,1
277,442,1
278,552,1
279,371,1
279,715,-1
280,917,1
280,966,1
281,606,1
281,752,1
282,396,1
283,587,1
283,623,1
284,350,1
284,503,1
284,571,1
284,800,1
285,947,1
286,444,1
286,602,-1
286,838,1
287,365,1
287,492,1
288,966,-1
291,769,1
292,574,-1
292,834,1
293,593,1
294,509,1
299,335,1
300,634,1
301,772,1
302,392,1
304,646,1
304,743,1
304,888,1
305,431,1
306,656,-1
307,410,1
308,525,1
308,735,1
308,844,1
309,382,1
309,535,1
309,640,1
309,650,1
310,828,-1
311,616,1
312,545,-1
314,478,1
315,622,1
316,638,1
317,748,1
319,793,1
320,463,1
320,701,1
321,381,1
322,987,1
324,335,1
324,663,1
324,986,1
325,416,1
325,831,1
327,965,-1
329,504,-1
329,825,1
329,885,1
331,548,1
332,385,1
332,580,1
332,828,1
333,522,1
334,666,1
334,843,1
334,914,-1
335,353,1
335,372,1
335,490,1
335,800,1
336,609,1
337,805,1
338,627,1
338,645,1
338,690,1
338,699,1
338,948,-1
340,694,1
342,355,1
345,354,1
346,578,1
347,366,-1
349,451,1
350,689,-1
350,898,1
353,398,1
353,673,1
353,769,1
353,912,1
354,362,1
354,457,1
354,530,1
354,551,1
354,748,1
354,962,1
355,725,1
356,532,1
357,372,1
357,927,1
357,981,1
361,574,1
361,940,1
363,998,1
364,437,1
364,687,1
367,393,1
367,516,1
367,643,-1
367,798,1
367,957,1
367,970,1
368,403,1
368,434,1
368,564,1
368,610,1
368,647,1
368,803,1
368,814,1
368,956,1
369,485,-1
374,694,1
374,876,1
375,463,1
375,743,1
375,781,1
375,810,-1
377,817,1
378,796,1
378,850,1
378,881,1
379,627,1
379,831,1
380,454,1
380,524,1
380,784,1
382,544,1
383,656,1
386,413,1
387,455,-1
387,572,1
387,643,1
387,867,1
387,940,1
388,389,1
388,432,1
388,510,-1
388,547,1
389,632,1
390,594,1
390,768,1
390,935,1
391,738,1
392,792,1
393,862,1
394,684,1
394,866,1
394,869,1
394,950,1
395,451,1
395,650,1
396,535,1
396,669,1
396,841,1
398,538,1
398,598,1
399,454,1
399,863,-1
399,920,1
400,982,1
401,429,1
401,456,-1
401,755,1
401,899,1
401,904,1
402,605,-1
404,812,1
405,459,1
405,615,1
408,539,1
408,658,1
409,419,1
409,427,1
409,614,-1
409,926,-1
411,860,1
411,978,1
413,611,1
413,999,1
415,933,1
416,440,1
416,500,1
418,565,1
418,810,1
419,452,1
420,482,1
420,868,1
424,466,1
425,443,1
425,588,1
425,640,-1
427,906,1
429,900,1
430,513,1
431,491,1
431,516,1
431,630,1
431,716,1
431,782,1
431,845,1
432,896,1
434,679,-1
437,834,1
438,837,1
440,851,1
441,523,1
442,458,-1
443,501,1
443,596,1
445,777,1
445,881,1
448,511,1
448,897,-1
448,913,1
451,818,1
452,558,1
453,518,1
454,619,1
454,736,1
455,715,1
456,558,-1
456,918,1
456,941,-1
463,484,-1
463,577,1
464,633,1
465,621,1
467,724,-1
469,799,-1
470,892,1
473,501,1
473,505,1
473,511,-1
473,699,1
473,705,1
476,482,-1
476,721,1
477,775,1
477,976,1
480,704,1
480,827,1
482,708,1
483,655,1
484,799,1
486,521,1
486,855,1
492,687,1
496,908,1
498,896,1
500,542,1
500,674,1
500,902,1
500,983,1
506,563,1
506,723,1
506,984,1
507,566,1
507,866,1
507,989,1
517,894,1
518,546,1
518,585,1
518,730,1
518,968,1
518,993,1
520,801,-1
521,809,1
524,669,1
524,783,1
524,972,1
525,809,1
525,888,1
526,686,1
530,949,1
532,567,1
532,788,1
533,816,1
536,565,1
536,787,1
538,749,1
540,549,1
540,580,1
540,732,-1
546,854,1
547,859,1
553,635,1
553,684,1
555,912,1
557,791,1
557,909,1
557,933,1
560,579,1
560,935,-1
564,676,1
564,921,1
565,833,1
566,626,1
570,589,1
573,707,1
574,620,1
577,708,1
579,909,1
579,967,1
582,942,1
587,746,1
590,903,1
591,937,1
594,850,1
596,717,1
596,775,1
596,788,1
597,946,1
597,999,1
599,612,1
599,767,-1
599,930,1
600,753,1
600,807,1
600,907,1
601,648,1
605,667,1
607,952,-1
609,751,1
609,997,1
612,613,1
612,621,1
613,729,1
613,790,1
614,731,1
614,820,1
615,730,1
619,686,1
619,859,1
624,654,-1
624,925,-1
625,815,1
625,871,1
626,970,1
628,740,1
634,736,1
640,875,1
643,773,1
643,839,1
643,984,1
647,697,1
647,903,1
648,773,1
648,821,1
652,741,1
659,857,1
660,951,1
661,734,-1
663,897,1
663,992,1
665,738,-1
676,732,1
676,960,1
677,908,1
677,977,1
678,991,1
683,720,1
688,777,-1
689,739,1
690,952,1
694,740,1
694,893,-1
702,746,1
706,719,1
717,722,1
717,742,1
719,720,1
730,739,1
731,864,1
733,995,1
737,980,1
742,797,1
745,770,-1
745,785,1
749,894,-1
750,836,1
755,891,1
758,913,1
767,772,1
772,929,1
775,956,1
779,890,1
779,928,1
781,910,-1
791,946,1
794,858,1
794,879,1
813,889,1
827,835,1
829,867,1
829,928,1
831,840,1
832,852,1
842,895,1
848,870,1
851,927,1
851,932,1
852,947,1
865,899,-1
870,945,1
907,988,1
910,972,1
918,925,1
942,953,1
